{
"Ahmedabad, India": [72.54873,23.02087, 72.60932,22.98342, 72.65353,23.04875, 72.55508,23.06968],
"Ahmednagar, India": [74.71965,19.13905, 74.73124,19.10864, 74.74643,19.10596, 74.75957,19.13353],
"Amritsar, India": [74.83054,31.63408, 74.87105,31.59388, 74.88667,31.64051],
"Bangalore, India": [77.46744,12.90143, 77.47602,13.02322, 77.59172,13.07272, 77.65764,13.06670, 77.70982,12.95564, 77.64390,12.86093, 77.56631,12.84487],
"Baraut, India": [77.24423,29.10519, 77.25642,29.08404, 77.27633,29.08929, 77.28457,29.10774, 77.26620,29.12079],
"Bhiwandi, India": [73.03339,19.31326, 73.01502,19.24829, 73.05725,19.24180, 73.09158,19.29917, 73.06807,19.32428],
"Chandigarh, India": [76.69498,30.73143, 76.74510,30.67327, 76.82664,30.72464, 76.77755,30.78004],
"Chennai, India": [80.24885,12.77508, 80.06277,12.89224, 80.05797,13.16852, 80.26044,13.28215, 80.33940,13.24339],
"Hapur, India": [77.71977,28.72096, 77.78397,28.71314, 77.81160,28.73602, 77.77092,28.75227],
"Hyderabad, India": [78.22861,17.53941, 78.28423,17.39531, 78.34328,17.38352, 78.38379,17.19995, 78.59528,17.23208, 78.69004,17.38090, 78.61519,17.57345, 78.38791,17.60749],
"Jalandahar, India": [75.61845,31.33015, 75.59322,31.28703, 75.52103,31.30610, 75.56524,31.36138],
"Jhajjar, India": [76.64121,28.61458, 76.64258,28.59423, 76.67486,28.58338, 76.67520,28.62076],
"Lucknow, India": [80.94352,26.95115, 80.86627,26.77933, 80.96275,26.74254, 81.03691,26.87675],
"Meerut, India": [77.66981,28.96571, 77.74071,28.92755, 77.76783,28.95354, 77.70981,29.00115],
"Modinagar, India": [77.54921,28.81830, 77.57033,28.81078, 77.61033,28.85469, 77.59556,28.87153],
"Mumbai, India": [72.81524,19.21470, 72.81456,18.89799, 72.93884,19.05967, 72.86606,19.21924],
"Nagpur, India": [79.04481,21.12294, 79.07666,21.09260, 79.13605,21.11205, 79.13365,21.14984, 79.11580,21.19006, 79.08970,21.18962, 79.05503,21.15456],
"Nashik, India": [73.73696,20.01572, 73.75121,19.94296, 73.81644,19.97668, 73.81283,20.04297],
"Navi Mumbai, India": [72.99738,19.11181, 73.01042,19.00148, 73.13539,18.96577, 73.12235,19.09494],
"New Delhi, India": [76.95832,28.78156, 76.94768,28.40414, 77.31950,28.31713, 77.62025,28.47176, 77.48841,28.73581, 77.13136,28.85616],
"Pilkhuwa, India": [77.62526,28.72095, 77.63556,28.69550, 77.67590,28.69987, 77.67728,28.72200],
"Pimpri-Chinchwad, India": [73.71268,18.63514, 73.79645,18.51798, 73.89258,18.67027, 73.78546,18.69238],
"Pune, India": [73.83199,18.52510, 73.85362,18.47512, 73.91885,18.53307, 73.87885,18.57506],
"Rewari, India": [76.58628,28.19724, 76.62473,28.16547, 76.64344,28.20299, 76.61529,28.22175],
"Sikandrabad, India": [77.65311,28.47118, 77.68676,28.43134, 77.74272,28.44492, 77.70907,28.48386],
"Solapur, India": [75.89323,17.66206, 75.90885,17.66042, 75.91383,17.67718, 75.94816,17.68880, 75.94730,17.69681, 75.89203,17.69689],
"Sonipat, India": [76.99502,28.98010, 77.03175,28.96749, 77.08840,28.98160, 77.07261,29.03355, 76.98403,29.00773],
"Taj Mahal, India": [78.04066,27.17555, 78.04051,27.17046, 78.04373,27.17051, 78.04372,27.17555],
"Ulhasnagar, India": [73.07089,19.22042, 73.09012,19.18038, 73.12411,19.21402, 73.23912,19.14390, 73.26624,19.17795, 73.13097,19.27617],
"Vadodara, India": [73.15195,22.27534, 73.21804,22.24770, 73.25563,22.29488, 73.16877,22.35649],
"Vijayawada, India": [80.58477,16.51978, 80.70940,16.46447, 80.72691,16.51550, 80.61602,16.55960],
"Visakhapatnam, India": [83.31049,17.70292, 83.34088,17.72091, 83.35650,17.76113, 83.30603,17.77274, 83.23410,17.74364]
}
