{
"Aguni": [127.23270,26.61289, 127.19151,26.56469, 127.27356,26.57267],
"Aogashima": [139.76302,32.46262, 139.77117,32.45241, 139.76001,32.44510, 139.75049,32.45495],
"Dogojima": [133.14792,36.27472, 133.23512,36.14619, 133.38619,36.18167, 133.39923,36.27306, 133.27564,36.35495],
"Goto": [128.46377,32.67903, 128.81259,32.43365, 129.40310,32.99058, 129.13394,33.26889],
"Hachijo": [139.71136,33.14785, 139.79101,33.02819, 139.90362,33.09034, 139.76904,33.18463],
"Hahajima": [142.11780,26.69802, 142.16964,26.59921, 142.20363,26.61395, 142.15145,26.71059],
"Hokkaido": [140.08492,41.29806, 142.40303,42.17523, 143.36983,41.75863, 143.74337,42.53246, 146.03951,43.32880, 145.36934,44.46870, 144.62227,44.02010, 141.87569,45.67896, 140.75509,45.52523, 141.41426,43.95686, 140.22774,43.38471, 139.19503,42.08561],
"Honshu": [141.44778,41.75594, 142.24978,39.33535, 140.76663,35.05809, 139.56912,34.73370, 139.18460,34.05379, 138.59133,34.62529, 136.45999,34.03558, 135.75137,33.29953, 135.00979,33.83961, 134.62802,34.27877, 134.08570,34.44955, 133.55436,34.29160, 133.03277,34.08635, 132.90969,34.18481, 132.21583,33.75916, 130.89129,33.93879, 130.63723,34.35363, 132.90042,35.68518, 135.83377,35.92575, 136.61380,37.37997, 137.43777,37.67620, 137.48171,37.02118, 138.42654,37.40615, 139.75588,39.73358, 139.56912,40.02024, 139.82180,40.09592, 139.75588,40.64000, 140.29421,41.32010],
"Ie": [127.74010,26.74137, 127.73735,26.69782, 127.84035,26.69598, 127.84447,26.74689],
"Iki": [129.57042,33.74452, 129.66656,33.66226, 129.86843,33.76279, 129.70638,33.92817],
"Iriomote": [123.76943,24.44780, 123.72755,24.36151, 123.88273,24.22883, 123.96307,24.37026],
"Ishigaki": [124.05646,24.46934, 124.06607,24.29047, 124.28992,24.34428, 124.35446,24.62049, 124.30090,24.62174],
"Izenajima": [127.89803,27.01484, 127.90901,26.89426, 127.98180,26.90467, 127.96944,26.99587, 128.05046,27.09494, 128.00652,27.11756],
"Kerama": [127.25056,26.18821, 127.35527,26.13706, 127.38342,26.20515, 127.30240,26.26305],
"Kikai": [129.88998,28.30655, 129.96071,28.25575, 130.05409,28.36276, 130.01633,28.39055],
"Kitadaitojima": [131.28171,25.97696, 131.26180,25.92787, 131.32978,25.90193, 131.35415,25.95936],
"Kohama": [123.96280,24.35200, 123.94838,24.33018, 123.99979,24.33527, 123.97936,24.34817],
"Kumejima": [126.68291,26.36836, 126.81612,26.26681, 126.84839,26.34929, 126.77492,26.40711],
"Kuroshima": [129.89149,30.84456, 129.90453,30.79739, 129.99105,30.81626, 129.97320,30.86343],
"Kuroshima": [123.99891,24.25287, 124.00586,24.24012, 124.00963,24.24176, 124.00242,24.25467],
"Kyushu": [129.29897,33.22084, 129.99111,32.07380, 129.58462,31.63522, 130.67776,30.91220, 131.49624,31.36825, 131.77639,32.54272, 132.20486,32.95390, 131.72146,33.67917, 131.75442,33.76598, 130.69981,33.98571, 129.48308,33.38809, 129.42265,33.46488],
"Mikura": [139.56381,33.90686, 139.57685,33.84187, 139.65238,33.84529, 139.64140,33.90800],
"Minamidaitojima": [131.22815,25.89452, 131.30334,25.86023, 131.25665,25.79070, 131.19073,25.81914],
"Mishima": [130.24786,30.79621, 130.26090,30.75786, 130.33163,30.78323, 130.31446,30.82216],
"Miyake": [139.43273,34.12032, 139.47392,34.00655, 139.62499,34.05435, 139.56731,34.16123],
"Miyakojima": [125.09326,24.82864, 125.25530,24.68523, 125.52996,24.70395, 125.25668,24.97314],
"Nishihama": [123.74169,24.07734, 123.74169,24.03689, 123.82443,24.03846, 123.82340,24.07608],
"Nishinoshima": [132.92339,36.06853, 133.05316,35.97467, 133.14998,36.11014, 133.01677,36.14286],
"Ogasawara": [142.18097,27.10645, 142.16964,27.02818, 142.22835,27.06090, 142.22217,27.10217],
"Okinawa": [128.25577,26.89334, 128.08548,26.71684, 127.86026,26.72297, 127.83554,26.61375, 127.92755,26.56831, 127.68173,26.44788, 127.59522,26.05992, 127.72705,26.05745, 127.92618,26.15980, 128.06763,26.51794, 128.22830,26.57568, 128.37524,26.83576],
"Okinerabujima": [128.48923,27.41480, 128.53729,27.28184, 128.75290,27.41358, 128.71857,27.47330],
"Oronoshima": [130.03005,33.87879, 130.02576,33.86041, 130.04327,33.85699, 130.04696,33.87623],
"Oshima": [129.07150,28.26241, 129.36813,28.07112, 129.78012,28.43886, 129.70047,28.56678],
"Sado": [138.17889,38.16262, 138.18713,37.72509, 138.61011,37.92252, 138.55518,38.39978],
"Shikoku": [131.96067,33.35873, 132.60063,32.73251, 133.08677,32.68860, 133.38066,33.37020, 134.19090,33.21178, 134.84184,33.85511, 134.62666,34.27533, 134.08489,34.44538, 133.55480,34.28895, 133.02952,34.08106, 132.91004,34.18109, 132.56466,33.97009, 132.65255,33.73800],
"Tanegashima": [130.97090,30.88111, 130.75666,30.33031, 130.99287,30.26391, 131.19611,30.85517],
"Tarama": [124.68272,24.67844, 124.69955,24.65450, 124.73362,24.66908, 124.71345,24.68842],
"Tokunoshima": [128.85315,27.91227, 128.85864,27.61455, 129.09760,27.68267, 129.00147,27.92804],
"Tonaki": [127.12734,26.36913, 127.13729,26.35175, 127.16218,26.36390, 127.15051,26.38112],
"Toshima": [129.81569,29.86892, 129.85826,29.80102, 129.94478,29.81591, 129.86581,29.90167],
"Tsushima": [129.31643,34.72759, 129.09670,34.08402, 129.33016,34.07493, 129.55538,34.70727],
"Yakushima": [130.42707,30.53870, 130.73194,30.40377, 130.61659,30.13572, 130.26777,30.26391],
"Yonaguni": [122.92479,24.48042, 122.92857,24.41822, 123.07001,24.42666, 123.06246,24.49229],
"Yoron": [128.36563,27.03258, 128.45215,26.98975, 128.50159,27.05215, 128.41095,27.10106]
}
