{
"Green Island": [121.44125,22.63666, 121.51816,22.59990, 121.54013,22.68988, 121.44675,22.69875],
"Kinmen County": [118.20113,24.40399, 118.32129,24.37428, 118.51149,24.41930, 118.43264,24.54698, 118.22596,24.45857],
"Lambai Island": [120.38380,22.37019, 120.40714,22.34098, 120.35358,22.30478, 120.33367,22.33145],
"Main Island": [119.98755,23.00407, 120.90491,21.59887, 122.11341,25.01858, 121.53113,25.39630, 120.99280,25.05093, 120.13862,23.78299],
"Orchid Island": [121.47196,22.09445, 121.48981,22.00408, 121.61615,21.97479, 121.60791,22.10081],
"Penghu County": [119.51043,23.46559, 119.71711,23.55500, 119.61960,23.77747, 119.44108,23.58128],
"Random Western Islands": [119.29220,23.41893, 119.40412,23.16477, 119.72341,23.23987, 119.53527,23.40507]
}
